{"cameraMode":{"drawMode":0,"name":"Shaded","section":"Shading Mode"},"sceneLighting":false,"audioPlay":false,"sceneViewState":{"showFog":true,"showMaterialUpdate":false,"showSkybox":true,"showFlares":true,"showImageEffects":true,"showParticleSystems":true},"in2DMode":false,"pivot":{"x":-0.8834664821624756,"y":0.239760160446167,"z":3.9071645736694338},"rotation":{"x":0.14797179400920869,"y":0.5538119077682495,"z":-0.10077711939811707,"w":0.8131686449050903},"size":5.100571155548096,"orthographic":true}