{"cameraMode":{"drawMode":0,"name":"Shaded","section":"Shading Mode"},"sceneLighting":false,"audioPlay":false,"sceneViewState":{"showFog":true,"showMaterialUpdate":false,"showSkybox":true,"showFlares":true,"showImageEffects":true,"showParticleSystems":true},"in2DMode":false,"pivot":{"x":4.099643707275391,"y":6.282796859741211,"z":11.433110237121582},"rotation":{"x":0.2315138727426529,"y":0.7175995111465454,"z":-0.2794857323169708,"w":0.5944309830665588},"size":20.37901496887207,"orthographic":false}