{"cameraMode":{"drawMode":0,"name":"Shaded","section":"Shading Mode"},"sceneLighting":false,"audioPlay":false,"sceneViewState":{"showFog":true,"showMaterialUpdate":false,"showSkybox":true,"showFlares":true,"showImageEffects":true,"showParticleSystems":true},"in2DMode":false,"pivot":{"x":-2.4037113189697267,"y":0.48602843284606936,"z":7.875150680541992},"rotation":{"x":0.4767898917198181,"y":0.12393320351839066,"z":-0.06813553720712662,"w":0.8676032423973084},"size":5.8400983810424809,"orthographic":true}