{"cameraMode":{"drawMode":0,"name":"Shaded","section":"Shading Mode"},"sceneLighting":false,"audioPlay":false,"sceneViewState":{"showFog":true,"showMaterialUpdate":false,"showSkybox":true,"showFlares":true,"showImageEffects":true,"showParticleSystems":true},"in2DMode":false,"pivot":{"x":2.6325840950012209,"y":0.600001335144043,"z":12.417363166809082},"rotation":{"x":0.7629760503768921,"y":0.0009667997946962714,"z":-0.0011460493551567197,"w":0.646434485912323},"size":5.795518398284912,"orthographic":true}