{"cameraMode":{"drawMode":0,"name":"Shaded","section":"Shading Mode"},"sceneLighting":false,"audioPlay":false,"sceneViewState":{"showFog":true,"showMaterialUpdate":false,"showSkybox":false,"showFlares":true,"showImageEffects":true,"showParticleSystems":true},"in2DMode":false,"pivot":{"x":-0.09600000083446503,"y":0.6800000071525574,"z":0.9449999928474426},"rotation":{"x":0.05306272208690643,"y":0.7040607333183289,"z":-0.052903808653354648,"w":0.7061760425567627},"size":0.04330124333500862,"orthographic":true}