{"cameraMode":{"drawMode":0,"name":"Shaded","section":"Shading Mode"},"sceneLighting":false,"audioPlay":false,"sceneViewState":{"showFog":true,"showMaterialUpdate":false,"showSkybox":true,"showFlares":true,"showImageEffects":true,"showParticleSystems":true},"in2DMode":false,"pivot":{"x":0.18487021327018739,"y":0.6182973384857178,"z":5.756374835968018},"rotation":{"x":0.05306272208690643,"y":0.7040607333183289,"z":-0.052903808653354648,"w":0.7061760425567627},"size":0.8560463786125183,"orthographic":true}